{
  "model_dir": "/data1/ybshi/MARL-sokoban/finalmodel",
  "scenario": "TwoPlayer-Sokoban-v0",
  "episodes": 20,
  "seed": 50000,
  "deterministic": true,
  "device": "cpu",
  "aggregate": {
    "episode_reward": {
      "mean": 2.085000000000016,
      "std": 17.692774655208815,
      "min": -14.999999999999972,
      "max": 22.299999999999997
    },
    "episode_base_reward": {
      "mean": 1.535000000000019,
      "std": 17.485344577674166,
      "min": -14.999999999999964,
      "max": 21.599999999999998
    },
    "episode_shaping_reward": {
      "mean": 0.5500000000000002,
      "std": 0.3840572873934304,
      "min": -0.09999999999999998,
      "max": 1.5000000000000004
    },
    "success": {
      "mean": 0.45,
      "std": 0.4974937185533099,
      "min": 0.0,
      "max": 1.0
    },
    "final_boxes_on_target": {
      "mean": 1.3,
      "std": 0.714142842854285,
      "min": 0.0,
      "max": 2.0
    },
    "box_completion_ratio": {
      "mean": 0.65,
      "std": 0.3570714214271425,
      "min": 0.0,
      "max": 1.0
    },
    "box_pushes": {
      "mean": 3.3,
      "std": 1.9773719933285188,
      "min": 0.0,
      "max": 7.0
    },
    "player_moves": {
      "mean": 21.6,
      "std": 23.122283624244385,
      "min": 1.0,
      "max": 79.0
    },
    "noop_rate": {
      "mean": 0.038722080136402395,
      "std": 0.09672575039314896,
      "min": 0.0,
      "max": 0.391304347826087
    },
    "episode_length": {
      "mean": 87.65,
      "std": 69.08565335871116,
      "min": 4.0,
      "max": 150.0
    }
  },
  "episode_rows": [
    {
      "episode": 1,
      "episode_reward": 21.7,
      "episode_base_reward": 20.9,
      "episode_shaping_reward": 0.8,
      "success": 1.0,
      "final_boxes_on_target": 2.0,
      "box_completion_ratio": 1.0,
      "box_pushes": 4.0,
      "player_moves": 9.0,
      "noop_rate": 0.0,
      "episode_length": 11.0
    },
    {
      "episode": 2,
      "episode_reward": 22.299999999999997,
      "episode_base_reward": 21.599999999999998,
      "episode_shaping_reward": 0.7,
      "success": 1.0,
      "final_boxes_on_target": 2.0,
      "box_completion_ratio": 1.0,
      "box_pushes": 3.0,
      "player_moves": 4.0,
      "noop_rate": 0.0,
      "episode_length": 4.0
    },
    {
      "episode": 3,
      "episode_reward": 20.7,
      "episode_base_reward": 19.7,
      "episode_shaping_reward": 1.0,
      "success": 1.0,
      "final_boxes_on_target": 2.0,
      "box_completion_ratio": 1.0,
      "box_pushes": 6.0,
      "player_moves": 14.0,
      "noop_rate": 0.391304347826087,
      "episode_length": 23.0
    },
    {
      "episode": 4,
      "episode_reward": -13.599999999999973,
      "episode_base_reward": -13.999999999999966,
      "episode_shaping_reward": 0.4,
      "success": 0.0,
      "final_boxes_on_target": 1.0,
      "box_completion_ratio": 0.5,
      "box_pushes": 4.0,
      "player_moves": 50.0,
      "noop_rate": 0.0,
      "episode_length": 150.0
    },
    {
      "episode": 5,
      "episode_reward": -13.199999999999969,
      "episode_base_reward": -13.999999999999966,
      "episode_shaping_reward": 0.8000000000000002,
      "success": 0.0,
      "final_boxes_on_target": 1.0,
      "box_completion_ratio": 0.5,
      "box_pushes": 5.0,
      "player_moves": 17.0,
      "noop_rate": 0.02,
      "episode_length": 150.0
    },
    {
      "episode": 6,
      "episode_reward": 20.499999999999996,
      "episode_base_reward": 19.9,
      "episode_shaping_reward": 0.6000000000000001,
      "success": 1.0,
      "final_boxes_on_target": 2.0,
      "box_completion_ratio": 1.0,
      "box_pushes": 6.0,
      "player_moves": 15.0,
      "noop_rate": 0.0,
      "episode_length": 21.0
    },
    {
      "episode": 7,
      "episode_reward": -13.899999999999967,
      "episode_base_reward": -13.999999999999966,
      "episode_shaping_reward": 0.10000000000000003,
      "success": 0.0,
      "final_boxes_on_target": 1.0,
      "box_completion_ratio": 0.5,
      "box_pushes": 2.0,
      "player_moves": 3.0,
      "noop_rate": 0.0,
      "episode_length": 150.0
    },
    {
      "episode": 8,
      "episode_reward": 21.4,
      "episode_base_reward": 20.9,
      "episode_shaping_reward": 0.5,
      "success": 1.0,
      "final_boxes_on_target": 2.0,
      "box_completion_ratio": 1.0,
      "box_pushes": 3.0,
      "player_moves": 6.0,
      "noop_rate": 0.0,
      "episode_length": 11.0
    },
    {
      "episode": 9,
      "episode_reward": 21.8,
      "episode_base_reward": 20.299999999999997,
      "episode_shaping_reward": 1.5000000000000004,
      "success": 1.0,
      "final_boxes_on_target": 2.0,
      "box_completion_ratio": 1.0,
      "box_pushes": 7.0,
      "player_moves": 14.0,
      "noop_rate": 0.17647058823529413,
      "episode_length": 17.0
    },
    {
      "episode": 10,
      "episode_reward": 22.299999999999997,
      "episode_base_reward": 21.599999999999998,
      "episode_shaping_reward": 0.7,
      "success": 1.0,
      "final_boxes_on_target": 2.0,
      "box_completion_ratio": 1.0,
      "box_pushes": 3.0,
      "player_moves": 4.0,
      "noop_rate": 0.0,
      "episode_length": 4.0
    },
    {
      "episode": 11,
      "episode_reward": 22.099999999999998,
      "episode_base_reward": 21.5,
      "episode_shaping_reward": 0.6000000000000001,
      "success": 1.0,
      "final_boxes_on_target": 2.0,
      "box_completion_ratio": 1.0,
      "box_pushes": 3.0,
      "player_moves": 3.0,
      "noop_rate": 0.0,
      "episode_length": 5.0
    },
    {
      "episode": 12,
      "episode_reward": -12.89999999999997,
      "episode_base_reward": -13.999999999999966,
      "episode_shaping_reward": 1.1,
      "success": 0.0,
      "final_boxes_on_target": 1.0,
      "box_completion_ratio": 0.5,
      "box_pushes": 5.0,
      "player_moves": 12.0,
      "noop_rate": 0.006666666666666667,
      "episode_length": 150.0
    },
    {
      "episode": 13,
      "episode_reward": -14.099999999999994,
      "episode_base_reward": -13.999999999999966,
      "episode_shaping_reward": -0.09999999999999998,
      "success": 0.0,
      "final_boxes_on_target": 1.0,
      "box_completion_ratio": 0.5,
      "box_pushes": 3.0,
      "player_moves": 58.0,
      "noop_rate": 0.0,
      "episode_length": 150.0
    },
    {
      "episode": 14,
      "episode_reward": 21.9,
      "episode_base_reward": 21.299999999999997,
      "episode_shaping_reward": 0.6,
      "success": 1.0,
      "final_boxes_on_target": 2.0,
      "box_completion_ratio": 1.0,
      "box_pushes": 4.0,
      "player_moves": 4.0,
      "noop_rate": 0.0,
      "episode_length": 7.0
    },
    {
      "episode": 15,
      "episode_reward": -14.299999999999967,
      "episode_base_reward": -14.999999999999964,
      "episode_shaping_reward": 0.7,
      "success": 0.0,
      "final_boxes_on_target": 0.0,
      "box_completion_ratio": 0.0,
      "box_pushes": 5.0,
      "player_moves": 79.0,
      "noop_rate": 0.0,
      "episode_length": 150.0
    },
    {
      "episode": 16,
      "episode_reward": -14.899999999999963,
      "episode_base_reward": -14.999999999999963,
      "episode_shaping_reward": 0.1,
      "success": 0.0,
      "final_boxes_on_target": 0.0,
      "box_completion_ratio": 0.0,
      "box_pushes": 0.0,
      "player_moves": 1.0,
      "noop_rate": 0.0,
      "episode_length": 150.0
    },
    {
      "episode": 17,
      "episode_reward": -14.999999999999972,
      "episode_base_reward": -14.999999999999963,
      "episode_shaping_reward": 0.0,
      "success": 0.0,
      "final_boxes_on_target": 0.0,
      "box_completion_ratio": 0.0,
      "box_pushes": 0.0,
      "player_moves": 62.0,
      "noop_rate": 0.0,
      "episode_length": 150.0
    },
    {
      "episode": 18,
      "episode_reward": -13.699999999999967,
      "episode_base_reward": -13.999999999999966,
      "episode_shaping_reward": 0.30000000000000004,
      "success": 0.0,
      "final_boxes_on_target": 1.0,